{
  "dataset_revision": "d51519689f32196a32af33b075a01d0e7c51e252",
  "mteb_dataset_name": "BUCC",
  "mteb_version": "1.1.0",
  "test": {
    "de-en": {
      "accuracy": 0.0017745302713987473,
      "f1": 0.0017745302713987473,
      "main_score": 0.0017745302713987473,
      "precision": 0.0017745302713987473,
      "recall": 0.0017745302713987473
    },
    "evaluation_time": 129.84,
    "fr-en": {
      "accuracy": 0.0007704160246533128,
      "f1": 0.0007704160246533128,
      "main_score": 0.0007704160246533128,
      "precision": 0.0007704160246533128,
      "recall": 0.0007704160246533128
    },
    "ru-en": {
      "accuracy": 0.0014547973675095255,
      "f1": 0.0014547973675095255,
      "main_score": 0.0014547973675095255,
      "precision": 0.0014547973675095255,
      "recall": 0.0014547973675095255
    },
    "zh-en": {
      "accuracy": 0.000526592943654555,
      "f1": 0.000526592943654555,
      "main_score": 0.000526592943654555,
      "precision": 0.000526592943654555,
      "recall": 0.000526592943654555
    }
  }
}