{
  "dataset_revision": "0fd18e25b25c072e09e0d92ab615fda904d66300",
  "mteb_dataset_name": "Banking77Classification",
  "mteb_version": "1.1.0",
  "test": {
    "accuracy": 0.6340259740259739,
    "accuracy_stderr": 0.008350911914435741,
    "evaluation_time": 96.63,
    "f1": 0.6322617541224116,
    "f1_stderr": 0.0088050943551661,
    "main_score": 0.6340259740259739
  }
}